NAMA PAKET,TAHUN,JENIS INFRASTRUKTUR,Latitude,Longitude
DESAIN REHABILITASI WORKSHOP OP SEMPOR DAN CUPUWATU,2023,-,-7.538,109.492
PEKERJAAN PENDAMPINGAN PENERAPAN PMA DI KABUPATEN SLEMAN TAHUN,2004,-,-7.744197893,110.3799956
REVIEW DESAIN AIR BAKU KALIORI BANJARNEGARA,2021,Air Baku,-7.375,109.77
SID KAWASAN LINDUNG AIR TANAH DAN  AIR BAKU WS SERAYU BOGOWONTO ,2021,Air Baku,-7.617106,109.777522
PENYUSUNAN DETAIL DESAIN JARINGAN AIR BAKU DI KABUPATEN WONOSOBO,2008,Air Baku,-7.460325829,109.8484616
PERENCANAAN PENYEDIAAN AIR BAKU (5 UNIT EMBUNG) DI KABUPATEN GUNUNGKIDUL DAN KULONPROGO PROPINSI DAERAH ISTIMEWA YOGYAKARTA,2008,Air Baku,-7.737309375,110.1656073
DD PENYEDIA AIR BAKU WS POS,2017,Air Baku,-7.74515,110.180939
SID AIR BAKU PRAMBOR,2021,Air Baku,-7.6079,110.2038
SID PENYEDIAAN AIR BAKU PAYAMAN KABUPATEN MAGELANG,2019,Air Baku,-7.42361,110.225
REVIEW DESAIN PENYEDIAAN AIR BAKU SENTOLO,2019,Air Baku,-7.877527,110.267916
DD PENGEMBANGAN SUMUR AIR TANAH DAN AIR BAKU WS POS DAN WS SB,2021,Air Baku,-7.7956,110.3695
DED PEMANFAATAN AIR BAKU WS SERBOG DAN WS POS,2015,Air Baku,-7.894373563,110.3849235
STUDI PENYUSUNAN RENCANA PENGELOLAAN POTENSI AIR LERENG SELATAN MERAPI,2010,Air Baku,-7.604138915,110.4558545
REVIEW DESAIN PENINGKATAN AIR BAKU SUNGAI BAWAH TANAH NGOBARAN SAPTOSARI,2022,Air Baku,-8.118,110.505
PERENCANAAN PENYEDIAAN AIR BAKU (5 UNIT EMBUNG) DI KABUPATEN GUNUNGKIDUL DAN KULONPROGO PROPINSI DAERAH ISTIMEWA YOGYAKARTA,2008,Air Baku,-7.889037798,110.6045738
DESAIN REHABILITASI AIR BAKU DAN JARINGAN PEMANFAATAN SUNGAI BAWAH TANAH BRIBIN,2021,Air Baku,-8.028,110.64
DD AIR BAKU KESUGIHAN ,2017,Air Baku,-7.6201,109.081
REVIEW DESAIN REHAB BENDUNG JIMAT,2023,Bendung,-7.38959,109.886858
"DESAIN REVITALISASI KOMPLEK BENDUNG SALURAN INDUK 
   D.I. KEDUNG PUTRI",2021,Bendung,-7.733333,109.966667
DETAIL DESAIN PENATAAN KAWASAN BENDUNG TEGAL,2006,Bendung,-7.933120741,110.3657814
PEMBANGUNAN BENDUNG MRICAN ,2003,Bendung,-7.829403825,110.3955582
DESAIN REHABILITASI BENDUNG KALIGENDING DI WADASLINTANG,2022,Bendung,-7.61,110.024
STUDI ALOKASI AIR PROGO ,2012,Bendung ,-7.910361558,110.1049735
DD PENINGKATAN BANGUNAN PENGAMBIL KAMIJORO ,2014,Bendung ,-7.879324557,110.2660753
DD BENDUNG IRIGASI PASCA LETUSAN MERAPI,2013,Bendung ,-7.887593078,110.3894439
DD KONSERVASI TERPADU DAS WADASLINTANG SEMPOR ,2011,Bendungan,-7.608364894,109.7883692
PENYUSUNAN DLH DAN STUDI LARAP BENDUNGAN BENER ,2013,Bendungan,-7.601639099,110.020425
"PENYUSUNAN DOKUMEN LINGKUNGAN HIDUP DAN LARAP QUARY, JALAN AKSES BENDUNGAN BENER ",2016,Bendungan,-7.601733701,110.0214699
STUDI KELAYAKAN BENDUNGAN GARI ,2012,Bendungan,-7.923240873,110.5936005
"ANALISA GEMPA DINAMIS DAN MODEL TES, BENDUNGAN PASURUHAN",2017,Bendungan,-7.585,110.28
LAPORAN FS GINTUNG,2020,Bendungan,-7.311943,109.568744
ANDAL LALIN BENDUNGAN BENER,2018,Bendungan,-7.6027,110.0199
AMDAL DAN LARAP BENDUNGAN PASURUHAN KABUPATEN MAGELANG,2019,Bendungan,-7.577217,110.196464
PENYUSUSNAN DLH WADUK SEMPOR ,2012,Bendungan ,-7.563785824,109.4869799
DD REMEDIAL WORKS BENDUNGAN SEMPOR ,2011,Bendungan ,-7.565733324,109.4906822
DD REMEDIAL WORKS BENDUNGAN WADASLITANG ,2011,Bendungan ,-7.602028628,109.783168
STUDI KASUS WADASLINTANG ,2012,Bendungan ,-7.601327558,109.783395
BPS WADASLINTANG ,2012,Bendungan ,-7.612269217,109.7875407
"PEMANTAPAN GEOLOGI BENER, ANALISIS DINAMIS GEMPA, MODEL TEST ",2015,Bendungan ,-7.600876955,110.0197407
PEMETAAN UDARA BENDUNGAN BENER ,2015,Bendungan ,-7.60146874,110.0207911
STUDI KELAYAKAN DAN PRA DESAIN BENDUGAN PASURUHAN-CITRAN DAN JAR PEMANFAATAN ,2012,Bendungan ,-7.574695855,110.1954896
PEMANTAPAN GEOLOGI BD PASURUHAN ,2016,Bendungan ,-7.574652538,110.1955143
DD BENDUNGAN CITRAN ,2013,Bendungan ,-7.539982424,110.2034309
STUDI KELAYAKAN BENDUNGAN TINALAH KAB. KULON PROGO ,2009,Bendungan ,-7.710792402,110.2083977
CD LAPORAN DD BENDUNGAN KARANGTALUN,2013,Bendungan ,-7.822495808,110.2194348
DD BENDUNGAN GARI ,2013,Bendungan ,-7.923230182,110.5936221
DD CHECK DAM DI WS POS SERBOG 2013,2013,Check DAM ,-7.360773651,109.3842227
REVIEW MASTERPLAN DRAINASE PERKOTAAN DIY ,2016,Drainase,-7.766126924,110.3826224
DED DRAINASE KOTA MAGELANG,2020,Drainase,-7.4806,110.2178
RENCANA INDUK DRAINASE KOTA MAGELANG,2019,Drainase,-7.4706,110.2178
"PEKERJAAN REVIEW DESAIN TELAGA MERDADA, DESAIN TELAGA SITERUS DAN NORMALISASI SUNGAI TULIS",2008,Embung,-7.39056,109.75083
"PEKERJAAN REVIEW DESAIN TELAGA MERDADA, DESAIN TELAGA SITERUS DAN NORMALISASI SUNGAI TULIS",2008,Embung,-7.22091,109.91076
STUDI KELAYAKAN EMBUNG KALI PASIR-LERENG EMBUNG SEJATI ,2012,Embung,-7.825230021,109.9196626
SURVEI DAN IDENTIFIKASI POTENSI SUMBER AIR DI WILAYAH SUNGAI SERAYU BOGOWONTO ,2007,Embung,-7.608834054,110.0221538
PEKERJAAN PERENCANAAN PENYEDIAAN AIR BAKU PEDESAAN (5 UNIT EMBUNG) DI KABUPATEN GUNUNGKIDUL DAN KULOPROGO D I YOGYAKARTA ,2005,Embung,-7.837417277,110.0908345
PEKERJAAN PERENCANAAN PENYEDIAAN AIR BAKU,2006,Embung,-7.830534333,110.1037234
PEKERJAAN PERENCANAAN PENYEDIAAN AIR BAKU,2006,Embung,-7.731998627,110.1342423
PERENCANAAN PENYEDIAAN AIR BAKU (5 UNIT EMBUNG) DI KABUPATEN GUNUNGKIDUL DAN KULONPROGO PROPINSI DAERAH ISTIMEWA YOGYAKARTA,2007,Embung,-7.737309375,110.1656073
PEKERJAAN PERENCANAAN PENYEDIAAN AIR BAKU PEDESAAN (5 UNIT EMBUNG) DI KABUPATEN GUNUNGKIDUL DAN KULOPROGO D I YOGYAKARTA ,2005,Embung,-7.706722207,110.2040536
PEKERJAAN PENYUSUNAN DETAIL DESAIN EMBUNG DI KABUATEN BANTUL,2008,Embung,-7.878900913,110.3034074
PEKERJAAN PERENCANAAN PENYEDIAAN AIR BAKU PEDESAAN (5 UNIT EMBUNG) DI KABUPATEN GUNUNGKIDUL DAN KULOPROGO D I YOGYAKARTA ,2005,Embung,-7.996377453,110.3593383
PENYUSUNAN DLH LANGENSARI ,2012,Embung,-7.786298933,110.3817479
PENYUSUNAN DLH EMBUNG WS SO ,2012,Embung,-7.890024191,110.3885407
PENYUSUNAN DETAIL DESAIN EMBUNG SUKOREJO DAN BABATAN DI KABUPATEN SLEMAN,2007,Embung,-7.612719915,110.3975609
 PENYUSUNAN PERENCANAAN PEMANFAATAN FUNGSIONAL EMBUNG KEMIRI,2008,Embung,-7.621347608,110.4088687
KAJIAN TEKNIS TERHADAP DESAIN EMBUNG TAMBAKBOYO,2007,Embung,-7.756055945,110.4149986
PEKERJAAN PERENCANAAN PENYEDIAAN AIR BAKU,2006,Embung,-8.005156733,110.4192116
DD EMBUNG SALAM ,2012,Embung,-7.914457645,110.4500813
PENYUSUNAN DOKUMEN LINGUNGAN HIDUP EMBUNG ,2014,Embung,-7.91049689,110.451537
PENGUKURAN EMBUNG BADUT DAN  PETIT DI KABUPATEN GUNUNGKIDUL.,2007,Embung,-7.854018543,110.4701966
PENYUSUNAN DESAIN REHAB EMBUNG BADUT DAN PETIT DI KABUPATEN GUNUNGKIDUL,2008,Embung,-7.854018543,110.4701966
PEKERJAAN PERENCANAAN PENYEDIAAN AIR BAKU,2006,Embung,-8.083717663,110.5689176
PEKERJAAN PERENCANAAN PENYEDIAAN AIR BAKU PEDESAAN (5 UNIT EMBUNG) DI KABUPATEN GUNUNGKIDUL DAN KULOPROGO D I YOGYAKARTA ,2005,Embung,-8.063687516,110.5786602
PERENCANAAN PENYEDIAAN AIR BAKU (5 UNIT EMBUNG) DI KABUPATEN GUNUNGKIDUL DAN KULONPROGO PROPINSI DAERAH ISTIMEWA YOGYAKARTA,2007,Embung,-7.889037798,110.6045738
STUDI KELAYAKAN DAN PRA DESAIN JARINGAN PEMANFAATAN EMBUNG DUNGWUNI ,2012,Embung,-7.986298237,110.6080365
PEKERJAAN SID EMBUNG SULUR KEMEJING KABUPATEN GUNUNGKIDUL,2006,Embung,-7.846434344,110.6838446
PEKERJAAN SID EMBUNG SULUR KEMEJING KABUPATEN GUNUNGKIDUL,2006,Embung,-7.850921156,110.6927535
PEKERJAAN SID EMBUNG SULUR KEMEJING KABUPATEN GUNUNGKIDUL,2006,Embung,-7.874140499,110.6994114
PEKERJAAN PERENCANAAN PENYEDIAAN AIR BAKU PEDESAAN (5 UNIT EMBUNG) DI KABUPATEN GUNUNGKIDUL DAN KULOPROGO D I YOGYAKARTA ,2005,Embung,-8.151718533,110.7128987
PEKERJAAN PERENCANAAN PENYEDIAAN AIR BAKU,2006,Embung,-8.149285335,110.7420872
PEKERJAAN SID EMBUNG PAKEL KABUPATEN GUNUNG KIDUL,2004,Embung,-7.869397076,110.7688161
STUDI KELAYAKAN PRA DESAIN AIR BAKU EMBUNG TAMBAKROMO,2012,Embung,-7.939972495,110.7703818
DETAIL DESAIN EMBUNG WS POS,2020,Embung,-7.552,110.357
EMBUNG WS POS,2021,Embung,-7.599,110.424
DED EMBUNG WS SERAYU BOGOWONTO DAN WS PROGO OPAK SERANG (KLAPAGADING KULON),2022,Embung,-7.515278,109.059722
DED EMBUNG WS SERAYU BOGOWONTO DAN WS PROGO OPAK SERANG (KARANG NANGKA),2022,Embung,-7.633306,109.369889
"PEKERJAAN REVIEW DESAIN TELAGA MERDADA, DESAIN TELAGA SITERUS DAN NORMALISASI SUNGAI TULIS",2008,Embung,-7.20894,109.8918
LAPORAN EMBUNG DIENG,2023,Embung,-7.215109,109.91241
STUDI POTENSI BANG PENAMPUNG AIR SERBOG,2017,Embung,-7.7138,110.01
DETAIL DESAIN EMBUNG/TELAGA WS SERAYU–BOGOWONTO,2019,Embung,-7.89889,110.03056
EMBUNG WS SERBOG,2020,Embung,-7.89889,110.03056
DED EMBUNG WS SERAYU BOGOWONTO DAN WS PROGO OPAK SERANG (SABO DAM PAKUNDEN),2022,Embung,-7.6725,110.27917
DETAIL DESAIN EMBUNG/TELAGA WS PROGO OPAK SERANG,2019,Embung,-7.721135,110.280313
DD EMBUNG KONSERVASI WS POS,2017,Embung,-7.327205,110.33396
DD EMBUNG WS POS,2018,Embung,-7.7956,110.3695
DETAIL DESAIN EMBUNG GIWANGAN,2018,Embung,-7.8326,110.3894
DED EMBUNG WS SERAYU BOGOWONTO DAN WS PROGO OPAK SERANG (DUSUN NAWUNGAN),2022,Embung,-7.955517,110.413091
EMBUNG WS SERBOG,2021,Embung,-7.625667,110.421167
DETAIL DESAIN EMBUNG PIAT UGM,2020,Embung,-7.797227,110.464147
DD EMBUNG SEMANU,2021,Embung,-8.0167,110.646
DD EMBUNG DAS SERAYU ,2010,Embung ,-7.415886293,109.0408833
DD JARINGAN PEMANFAATAN EMBUNG KAB. BANYUMAS ,2011,Embung ,-7.464867169,109.0618507
DD EMBUNG BANYUMAS ,2011,Embung ,-7.328602064,109.2445884
DD EMBUNG WS SERBOG ,2014,Embung ,-7.51419642,109.267831
DD EMBUNG DAS BOGOWONTO ,2010,Embung ,-7.809037705,110.0118629
DD EMBUNG TELAGA WS POS DAN SERBOG 2013 ,2013,Embung ,-7.603176055,110.0198316
UKL DAN UPL EMBUNG DI WILAYAH SUNGAI PROGO OPAK SERANG ,2011,Embung ,-7.807917815,110.1422339
UKL DAN UPL EMBUNG DI WILAYAH SUNGAI PROGO OPAK SERANG ,2011,Embung ,-7.824656338,110.2144518
PERENCANAAN REHABILITASI E WS POS 2010,2010,Embung ,-7.722457299,110.2264182
DD REHABILITASI EMBUNG WS PROGO OPAK   ,2010,Embung ,-7.722973251,110.23072
EMBUNG KOMUNAL ,2010,Embung ,-7.78650556,110.3814889
DESAIN REHABILITASI EMBUNG TELAGA WS POS ,2014,Embung ,-7.729283822,110.4101234
UKL DAN UPL EMBUNG DI WILAYAH SUNGAI PROGO OPAK SERANG ,2011,Embung ,-7.907200294,110.6532916
STUDI POTENSI BANGUNAN PENAMPUNG AIR KAYANGAN ,2014,Embung,-7.745101535,110.1807125
DESAIN PENATAAN BANGUNAN TAMPUNGAN AIR RAWA BENDUNGAN,2020,Embung,-7.665975,109.049331
DESAIN REHABILITASI GEDUNG UPB BBWS SERAYU OPAK ,2021,Gedung,-7.824,110.121
DETAIL DESAIN GROUNDSILL KALI LOGAWA DAN TAJUM,2008,Groundsill,-7.550499336,109.1665942
DETAIL DESAIN GROUNDSILL KALI LOGAWA DAN TAJUM,2008,Groundsill,-7.493471773,109.2173981
GROUNDSILL PRAMBANAN,2021,Groundsill,-7.662,110.461
SURVEI DAN IDENTIFIKASI SARANA DAN PRASARANA SDA  WILAYAH SUNGAI SERAYU OPAK ,2009,Prasarana Sungai,-7.883475959,110.3890488
DETAIL DESAIN PENGEMBANGAN IRIGASI DIY 250 HA,2008,Irigasi,-7.88667072,110.3140695
LAPORAN BUTUH KEDUNGGUPIT ,-,Irigasi,-7.661068252,109.8228113
PAI WS SERAYU OPAK ,2011,Irigasi,-7.481716977,109.0659946
PENYUSUNAN DOKUMEN LINGKUNGAN HIDUP PENINGKATAN DI SLINGA ,2015,Irigasi,-7.351890362,109.3844214
REVIEW DESAIN DAN LARAP PENINGKATAN DI. SLINGA,2022,Irigasi,-7.366,109.434
DD REHAB DI SEMPOR ,2015,Irigasi,-7.558561819,109.4843114
DD BANGUNAN PENGELAK DAN JARINGAN PEMANFAATAN BD. MAUNG ,2016,Irigasi,-7.363745792,109.7346099
PERENCANAAN REHABILITASI D.I. SINGOMERTO TAHAP I,2009,Irigasi,-7.388664483,109.7426971
PENYUSUNAN DLH LARAP DI BEDEGOLAN ,2015,Irigasi,-7.676664574,109.7740801
REVIEW DESAIN PENINGKATAN DI BEDEGOLAN ,2015,Irigasi,-7.675598611,109.7748252
LARAP AMDAL JARINGAN IRIGASI BENDUNGAN BENER ,2015,Irigasi,-7.605138186,110.0214552
PEKERJAAN DETAIL DESAIN KONSTRUKSI PENGAMAN SALURAN INDUK KALIBAWANG KABUPATEN KULON PROGO ,2003,Irigasi,-7.65867383,110.1464352
SURVEI INVESTIGASI DAN DESAIN JARINGAN IRIGASI DI TAWANG,2003,Irigasi,-7.803258624,110.180278
PERENCANAAN PEMBANGUNAN JARINGAN IRIGASI D.I. BANARAN DI KABUPATEN KULON PROGO DENGAN SISTEM POMPA,2005,Irigasi,-7.972758629,110.2005641
PEKERJAAN IDENTIFIKASI DAN INVENTARISASI DAERAH IRIGASI KAB. SLEMAN DAN KAB. KULON PROGO PROPINSI DIY,2005,Irigasi,-7.715345022,110.221465
PERENCANAAN REHABILITASI JARINGAN IRIGASI BENDUNG-BENDUNG SUPLESI KABUPATEN SLEMAN,2005,Irigasi,-7.727782381,110.2241167
PEKERJAAN PERENCANAAN REHABILITASI JARINGAN IRIGASI D.I PULUHAN CS    200 HA,2006,Irigasi,-7.768107292,110.2395196
PEKERJAAN PERENCANAAN REHABILITASI JARINGAN IRIGASI D.I. MADEAN KABUPATEN SLEMAN,2006,Irigasi,-7.76981373,110.2453348
PERENCANAAN REHABILITASI JARINGAN IRIGASI BENDUNG-BENDUNG SUPLESI KABUPATEN SLEMAN,2005,Irigasi,-7.769653679,110.2492902
PEKERJAAN PERHITUNGAN KEHILANGAN AIR KALIBAWANG,2006,Irigasi,-7.649185766,110.2511451
STUDI KEBUTUHAN OP JARINGAN IRIGASI   DIY,2006,Irigasi,-7.649185766,110.2511451
PERENCANAAN REHABILITASI SALURAN INDUK KALI BAWANG,2006,Irigasi,-7.649185766,110.2511451
PEKERJAAN PERENCANAAN REHABILITASI JARINGAN IRIGASI BENDUNG-BENDUNG SUPLESI KABUPATEN BANTUL,2005,Irigasi,-7.965797234,110.2609452
PERENCANAAN REHABILITASI JARINGAN IRIGASI BENDUNG-BENDUNG SUPLESI KABUPATEN SLEMAN,2005,Irigasi,-7.819444401,110.2660089
PEKERJAAN PERENCANAAN REHABILITASI JARINGAN IRIGASI D.I. MADEAN KABUPATEN SLEMAN,2006,Irigasi,-7.807845585,110.2753443
PEKERJAAN PERENCANAAN REHABILITASI JARINGAN IRIGASI D.I. MADEAN KABUPATEN SLEMAN,2006,Irigasi,-7.799138066,110.2760414
PEKERJAAN PERENCANAAN REHABILITASI JARINGAN IRIGASI BENDUNG-BENDUNG SUPLESI KABUPATEN BANTUL,2005,Irigasi,-7.982845375,110.2795617
PEKERJAAN PERENCANAAN REHABILITASI JARINGAN IRIGASI BENDUNG-BENDUNG SUPLESI KABUPATEN BANTUL,2005,Irigasi,-7.96113811,110.2850887
PERENCANAAN REHABILITASI JARINGAN IRIGASI BENDUNG-BENDUNG SUPLESI KABUPATEN SLEMAN,2005,Irigasi,-7.722159691,110.2913599
STUDI KEBUTUHAN OP JARINGAN IRIGASI   DIY,2006,Irigasi,-7.898746671,110.2979722
PEKERJAAN PERENCANAAN REHABILITASI JARINGAN IRIGASI BENDUNG-BENDUNG SUPLESI KABUPATEN BANTUL,2005,Irigasi,-7.990935173,110.3097921
IDENTIFIKASI DAN INVENTARISASI DAERAH IRIGASI KABUPATEN BANTUL DAN GUNUNG KIDUL,2006,Irigasi,-7.88165372,110.3121628
PERENCANAAN REHABILITASI JARINGAN IRIGASI BENDUNG-BENDUNG SUPLESI KABUPATEN SLEMAN,2005,Irigasi,-7.77050868,110.3137337
PEKERJAAN PERENCANAAN REHABILITASI JARINGAN IRIGASI BENDUNG-BENDUNG SUPLESI KABUPATEN BANTUL,2005,Irigasi,-8.005959229,110.3164427
PEKERJAAN PERENCANAAN REHABILITASI JARINGAN IRIGSI D.I PULOWATU DAN D.I PATUK,2005,Irigasi,-7.660001993,110.3207971
PERENCANAAN REHABILITASI JARINGAN IRIGASI BENDUNG-BENDUNG SUPLESI KABUPATEN SLEMAN,2005,Irigasi,-7.730059136,110.3512187
PEKERJAAN PERENCANAAN REHABILITASI JARINGAN IRIGASI BENDUNG-BENDUNG SUPLESI KABUPATEN BANTUL,2005,Irigasi,-7.870485802,110.3566392
PEKERJAAN PERENCANAAN REHABILITASI JARINGAN IRIGASI BENDUNG-BENDUNG SUPLESI KABUPATEN BANTUL,2005,Irigasi,-7.848791537,110.3590393
PEKERJAAN SID D.I. PANDOWOHARJO KABUPATEN SLEMAN 200 HA.,2006,Irigasi,-7.687792088,110.3721223
STUDI KEBUTUHAN OP JARINGAN IRIGASI   DIY,2006,Irigasi,-7.766127987,110.379755
DETAIL DESAIN DRAINASE SALURAN INDUK MATARAM 5.346 HA,2006,Irigasi,-7.766198363,110.3799728
PEKERJAAN SURVEI INVESTIGASI DAN DESAIN JARINGAN IRIGASI  (SID) D.I. MRICAN,2004,Irigasi,-7.830609518,110.394244
PEKERJAAN PERENCANAAN REHABILITASI JARINGAN IRIGASI BENDUNG-BENDUNG SUPLESI KABUPATEN BANTUL,2005,Irigasi,-7.867223859,110.3978504
PEKERJAAN PERENCANAAN REHABILITASI JARINGAN IRIGASI D.I. SIDORAHARJO CS KABUPATEN BANTUL,2005,Irigasi,-7.910196678,110.3990057
PEKERJAAN PERENCANAAN REHABILITASI JARINGAN IRIGASI BENDUNG-BENDUNG SUPLESI KABUPATEN BANTUL,2005,Irigasi,-7.868305137,110.4004589
PEKERJAAN IDENTIFIKASI ASET SNVT IRIGASI ANDALAN DIY,2006,Irigasi,-7.767280629,110.4073849
PENGEMBANGAN SISTEM INFORMASI MANAJEMEN,2006,Irigasi,-7.767280629,110.4073849
PEKERJAAN PERENCANAAN REHABILITASI JARINGAN IRIGASI D.I. SIDORAHARJO CS KABUPATEN BANTUL,2005,Irigasi,-7.825466484,110.4110165
PEKERJAAN PERENCANAAN REHABILITASI JARINGAN IRIGASI BENDUNG-BENDUNG SUPLESI KABUPATEN BANTUL,2005,Irigasi,-7.864067535,110.4139336
PEKERJAAN PERENCANAAN REHABILITASI JARINGAN IRIGASI D.I. SIDORAHARJO CS KABUPATEN BANTUL,2005,Irigasi,-7.815179684,110.4169301
PEKERJAAN IDENTIFIKASI DAN INVENTARISASI DAERAH IRIGASI KAB. SLEMAN DAN KAB. KULON PROGO PROPINSI DIY,2005,Irigasi,-7.662180745,110.4169617
PERENCANAAN REHABILITASI JARINGAN IRIGASI DAERAH IRIGASI GLENDONGAN CS. 300 HA,2006,Irigasi,-7.77711077,110.4196817
PEKERJAAN PERENCANAAN JARINGAN IRIGASI DI SOGOL CS ,2003,irigasi,-7.657212138,110.4230333
PEKERJAAN PERENCANAAN REHABILITASI JARINGAN IRIGSI D.I PULOWATU DAN D.I PATUK,2005,Irigasi,-7.59889287,110.4245921
PERENCANAAN REHABILITASI JARINGAN IRIGASI DAERAH IRIGASI GLENDONGAN CS. 300 HA,2006,Irigasi,-7.84252336,110.4248281
PERENCANAAN REHABILITASI JARINGAN IRIGASI DAERAH IRIGASI GLENDONGAN CS. 300 HA,2006,Irigasi,-7.845505424,110.4252247
PEKERJAAN SID D.I. KARANG 200 HA DI KABUPATEN GUNUNG KIDUL ,2007,Irigasi,-7.938387425,110.5243661
IDENTIFIKASI DAN INVENTARISASI DAERAH IRIGASI KABUPATEN BANTUL DAN GUNUNG KIDUL,2006,Irigasi,-7.862763823,110.5390293
PERENCANAAN IRIGASI GUNUNG KIDUL,2000,Irigasi,-7.988937467,110.5725792
STUDI KEBUTUHAN OP JARINGAN IRIGASI   DIY,2006,Irigasi,-7.966045841,110.7134675
PEKERJAAN DESAIN REHABILITASI JARINGAN IRIGASI BENDUNG-BENDUNG SUPLESI KABUPATEN BANTUL,2004,Irigasi,-7.805633418,110.4218618
KEGIATAN PENDAMPINGAN INTEGRATED PARTICIPATORY DEVELOPMENT AND MANAGEMENT OF IRRIGATION PROGRAM,2022,Irigasi,-7.53,109.167
STUDI KELAYAKAN SUPLESI DI SERAYU,2017,Irigasi,-7.535,109.205
DD REHABILITASI JARINGAN IRIGASI D.I. KALIBAWANG,2022,Irigasi,-7.538,109.676
DD REHAB DI. SINGOMERTO,2017,Irigasi,-7.3881,109.7425
PSETK,2021,Irigasi,-7.8083,109.9667
STUDI AMDAL DAN LARAP QUARRY LOANO,2020,Irigasi,-7.641,110.013
DD REHAB JARINGAN IRIGASI DI. KEDUNGPUTRI,2017,Irigasi,-7.695,110.035
REVIEW DESAIN KAWASAN DI. BENER,2022,Irigasi,-7.657,110.24
DLH DI. TINGAL,2020,Irigasi,-7.283073,110.225980
SID JIAT WS POS,2020,Irigasi,-7.9653,110.6036
REHABILITASI SYPHON DI. SERAYU,2022,Irigasi,-7.588895,109.14289
REVIEW DESAIN JARINGAN IRIGASI DI. SLINGA,2018,Irigasi,-7.3902,109.3874
REVIEW DOKUMEN LINGKUNGAN HIDUP DAN LARAP JARINGAN IRIGASI DI SLINGA,2019,Irigasi,-7.36278,109.39056
SID DI. KEWENANGAN,2018,Irigasi,-7.52,109.45
REVIEW DD DI. SEMPOR,2021,Irigasi,-7.538,109.492
DD DI. SINGOMERTO,2017,Irigasi,-7.39861,109.74389
DD REHABILITASI DI. SINGOMERTO,2018,Irigasi,-7.3986,109.7439
SID REHABILITASI DI. KEWENANGAN,2018,Irigasi,-7.47,109.84
PENYUSUNAN PSETK DI. KEWENANGAN PUSAT,2019,Irigasi,-7.808333,109.966667
DD REHAB JARINGAN IRIGASI DI. KARANGTALUN,2017,Irigasi,-7.7379,110.2342
SISTEM DI. KALIBAWANG (LANJUTAN),2017,Irigasi,-7.665657,110.264259
DESAIN PEMBANGUNAN JARINGAN IRIGASI DI TINGAL,2019,Irigasi,-7.279241666,110.2305444
PEKERJAAN STUDI ALIH FUNGSI LAHAN IRIGASI DI PROPINSI DIY,2004,Irigasi,-7.7867,110.35606
DD REHABILITASI JARINGAN IRIGASI DI TAJUM ,2016,Irigasi ,-7.483687004,109.065818
DD KONSERVASI TERPADU TAJUM DAN LOGAWA ,2012,Irigasi ,-7.55126464,109.1660117
PERENCANAAN REHABILITASI D.I. SERAYU TAHAP I,2009,Irigasi ,-7.526481575,109.2004738
MONEV SISTEM IRIGASI BENDUNG GERAK SERAYU ,2011,Irigasi ,-7.525086007,109.2005137
DD REHAB DI SERAYU,2014,Irigasi ,-7.561995065,109.2011858
PERENCANAAN REHABILITASI D.I. SERAYU TAHAP II ,2011,Irigasi ,-7.501139839,109.21161
MONEV OP IRIGASI WS SERAYU BOGOWONTO ,2011,Irigasi ,-7.500569818,109.2507112
DD PENGEMBANGAN D.I. SLINGA (LANJUTAN),2011,Irigasi ,-7.360682247,109.384222
DD PENGEMBANGAN DI SLINGA ,2014,Irigasi ,-7.360595704,109.3842243
DD DI SEMPOR ,2014,Irigasi ,-7.567180933,109.4846201
DD REHABILITASI DI SEMPOR 2016 ,2016,Irigasi ,-7.566514994,109.486824
DD REHAB DI BANJARCAHYANA ,2015,Irigasi ,-7.389761842,109.6842636
PERENCANAAN REHABILITASI D.I. SINGOMERTO TAHAP I ,2009,Irigasi ,-7.3879614,109.7426944
PERENCANAAN REHABILITASI D.I. SINGOMERTO TAHAP I. PEKERJAAN KONSULTASI YANG DITANGANI OLEH PT. CIPTA RENCANA SEMARANG,2009,Irigasi ,-7.388142509,109.7427257
DD REHAB DI WADASLINTANG ,2015,Irigasi ,-7.601673042,109.7771924
DD REHAB DI WADASLINTANG ,2014,Irigasi ,-7.60971729,109.7797904
DD REHAB JARIGAN IRIGASI WADASLINTANG ,2016,Irigasi ,-7.611880598,109.7864691
DD REHAB JARINGAN IRIGASI DI BORO ,2016,Irigasi ,-7.726474241,110.0063768
DD REHAB DI BORO ,2014,Irigasi ,-7.726562895,110.0071205
DD REHAB JARINGAN IRIGASI DI KEDUNGPUTRI ,2016,Irigasi ,-7.686853827,110.036655
REVIEW DESAIN DI PROGO PISTAN ,2015,Irigasi ,-7.228585975,110.1206524
DESAIN REHAB DI PROGOMANGGIS ,2015,Irigasi ,-7.509659412,110.2096838
PERENCANAAN REHABILITASI D.I. SISTEM KALIBAWANG TAHAP II 3.036 HA,2008,Irigasi ,-7.6732,110.2369
DD REHAB JARINGAN IRIGASI DI KARANGTALUN ,2016,Irigasi ,-7.751297703,110.2618677
PAI 2012 ,2012,Irigasi ,-7.658561533,110.2636705
DD REHAB DI SISTEM KALIBAWANG,2016,Irigasi ,-7.661570724,110.2648719
PENGUKURAN DAN  INVENTARISASI KONDISI BANGUNAN SUNGAI KALI KUNING DAN  KALI PABELAN,2008,Irigasi ,-7.824131161,110.4373867
PENYUSUNAN DLH REHAB DI WS SERBOG ,2015,Irigasi ,-7.512673049,109.2668222
DD AIR BAKU PEDESAAN KULON PROGO ,2013,Air Baku,-7.834074412,110.1916942
DD AIR BAKU SERBOG ,2016,Air Baku,-7.498518031,109.2164181
DD JARINGAN PEMANFAATAN AIR BAKU BENDUNGAN BENER ,2016,Air Baku,-7.601383581,110.0211276
DD REHABILITASI JETTY MUARA SUNGAI PROGO ,2012,Jetty,-7.982457487,110.2062301
DETAIL DESAIN BANGUNAN JETTY MUARA SUNGAI OPAK,2009,Jetty,-8.008947797,110.2848557
INVENTARISASI DAN STUDI IDENTIFIKASI PANTAI SELATAN DI WS SERAYU BOGOWONTO,2010,Pantai,-7.899338838,110.0310624
INVENTARISASI DAN DESAIN PLTMH DI WS SERAYU BOGOWONTO ,2010,Pembangkit Listrik ,-7.501730058,109.2549174
DETAIL DESAIN BANGUNAN PENGAMAN SALURAN INDUK MATARAM (30 KM),2008,Irigasi,-7.693608441,110.2714442
PEKERJAAN DETAIL DESAIN BANGUNAN PENGAMAN SALURAN INDUK MATARAM (30KM),2008,Irigasi,-7.696253316,110.2774446
SID DAN PENYUSUNAN DOKUMEN LINGKUNGAN HIDUP PENGAMANAN PANTAI KAB. CILACAP,2021,Pengaman Pantai,-7.733906568,109.0217214
AMDAL LARAP YIA,2020,Pengaman Pantai,-7.88493,110.040278
DD REHAB PENGENDALIAN BANJIR DAS LUK ULO DAN DAS MAWAR ,2011,Pengendali Banjir,-7.648044401,109.6459211
SID PENGENDALIAN BANJIR DAS SERANG,2011,Pengendali Banjir,-7.815645247,110.16766
DD REHAB PRASARANA BANJIR WS SERBOG DAN WS POS,2014,Pengendali Banjir,-7.717482812,110.2165516
SID PENGENDALIAN BANJIR DAS OPAK ,2011,Pengendali Banjir,-7.892330426,110.3856142
REVIEW DESAIN DAN PENYUSUNAN DOKUMEN LINGKUNGAN HIDUP PENGENDALIAN BANJIR SUNGAI KALIYASA  ,2021,Pengendali Banjir,-7.683458,109.087253
"DESAIN PENGENDALIAN BANJIR KOTA PURWOKERTO DAN SEKITARNYA DI KABUPATEN BANYUMAS, KEBUMEN DAN CILACAP",2021,Pengendali Banjir,-7.434011,109.227392
"DD BANGUNAN PENGENDALI BANJIR DAS BOGOWONTO, COKROYASAN, WAWAR",2015,Pengendali Banjir ,-7.559062646,110.0208929
PEKERJAAN DETAIL DESAIN BANGUNAN PENGENDALI SEDIMEN 3 LOKASI DI DAS SERAYU,2007,Pengendali Sedimen,-7.512644895,109.2635911
DESAIN PENGAMANAN TEBING SUNGAI SERAYU DESA KARANGRENA MAOS,2022,Pengendali Sungai,-7.597275531,109.1271512
"DD KONSERVASI TERPADU SUB DAS TULIS, MERAWU, BEGALUH",2012,Pengendali Sungai,-7.298305102,109.830154
DESAIN PENANGANAN SUNGAI DAN PENGENDALIAN SEDIMEN WS POS,2022,Pengendali Sungai,-7.883374112,110.0431075
PEKERJAAN DD DAN DLH PENGENDALIAN BANJIR DAS PROGO,2022,Pengendali Sungai,-7.910540206,110.0997804
DESAIN TEBING PROGO,2022,Pengendali Sungai,-7.732213587,110.2217426
PEKERJAAN DESAIN BANGUNAN PENGENDALI KALI OPAK HILIR KABUPATEN BANTUL ,2004,Pengendali Sungai,-7.94675682,110.3615907
PENYUSUNAN DLH KANTONG LUMPUR GENDOL ,2012,Pengendali Sungai,-7.656212845,110.4639954
DESAIN PERKUATAN TEBING SUNGAI DI DAS SERAYU,2023,Pengendali Sungai,-7.390685,109.373816
KONSEP MASTERPLAN PROGO HULU DAN PERKUATAN TEBING SUNGAI WS POS,2021,Pengendali Sungai,-7.7721,110.4179
DETAIL PERKUATAN TEBING KAWASAN SUNGAI TAMBAK BAYAN,2022,Pengendali Sungai,-7.786656,110.420892
"PEKERJAAN PERENCANAAN PENYEDIAAN AIR BAKU KECAMATAN KASIHAN, KABUPATEN BANTUL ",2004,Air Baku,-7.810703386,110.3308185
PERENCANAAN PENYEDIAAN AIR BAKU PEDESAAN DI WS POS ,2010,Air Baku,-7.995948036,110.4416757
REHABILITASI PRASARANA SUNGAI DI ANAK SUNGAI OPAK,2023,Prasarana Sungai,-7.721,110.455
DESAIN LANSKAP RUSUN ASN BBWS SO,2022,Rusun,-7.759355409,110.4275917
SID SABO DAM,2021,Sabo Dam,-7.544,110.36
STUDI PENGELOLAAN DAERAH KONSERVASI AIR TANAH DI DAS SERAYU,2008,Sungai,-7.608829,109.137413
REVIEW DOKUMEN RPSDA WS SB,2023,Sungai,-7.53,109.167
PENYUSUNAN RPSDA SERBOG II ,2012,Sungai,-7.502420492,109.2591124
STUDI MORFOLOGI SERAYU 2012 ,2012,Sungai,-7.510582813,109.2674971
"DD KONSERVASI TERPADU PEKACANGAN, KLAWING, GINTUNG",2012,Sungai,-7.376983502,109.4520535
STUDI KONSERVASI DAS JLADRI DAN STUDI PENGELOLAAN SUNGAI DONAN,2008,Sungai,-7.729167,109.4625
PEKERJAAN PENYUSUNAN INFORMASI MONITORING BANJIR DAS TELOMOYO ,2008,Sungai,-7.6105,109.509722
SURVEY DAN IDENTIFIKASI POTENSI SUMBER AIR DI WILAYAH SUNGAI SERAYU–BOGOWONTO,2008,Sungai,-7.493967845,109.2361964
PENYUSUNAN RPSDA WS SERAYU BOGOWONTO TAHAP I ,2011,Sungai,-7.403011016,109.7779631
DD KONSERVASI TERPADU SUB DAS SERAYU DAN MERAWU ,2011,Sungai,-7.208608685,109.8225083
DD KONSERVASI DAS BUTUH DAN DAS KEDUGGUPIT ,2011,Sungai,-7.720164225,109.8290905
DD KONSERVASI DAS BUTUH,2011,Sungai,-7.721672119,109.8537466
STUDI KONSERVASI DAS JLADRI DAN STUDI PENGELOLAAN SUNGAI DONAN,2008,Sungai,-7.718529465,108.9959675
FINALISASI POLA PENGELOLAAN SDA WS SERAYU BOGOWONTO,2010,Sungai,-7.608516755,110.022078
FINALISASI POLA PSDA WS SERBOG ,2011,Sungai,-7.609014003,110.0222269
POLA SERBOG-USULAN ,2009,Sungai,-7.609371887,110.0224729
VALUASI EKONOMI SUMBER DAYA AIR DAS BOGOWONTO,2008,Sungai,-7.898888889,110.0305556
SURVEY PENGUKURAN GEOLISTRIK DI WILAYAH SERAYU–BOGOWONTO,2008,Sungai,-7.5322,110.0336
DETAIL DESAIN PENGAMANAN PANTAI DAN PENGENDALIAN BANJIR SUNGAI BOGOWONTO DAN SUNGAI SERANG,2019,Sungai,-7.88493,110.040278
STUDI GEOHIDROMORFOLOGI SERANG,2017,Sungai,-7.9,110.1
REVIEW POLA PSDA WS POS,2015,Sungai,-7.710678441,110.2206525
MASTERPLAN PENGELOLAAN SUMBER DAYA AIR WILAYAH SUNGAI PROGO OPAK SERANG,2008,Sungai,-7.734906999,110.2207283
DD BPS SUNGAI PROGO,2018,Sungai,-7.65,110.235
PENYUSUNAN DLH K. PUTIH ,2012,Sungai,-7.605044973,110.3026119
PRA-DESAIN DAN PENGUKURAN GAJAHWONG DAN WINOGO,2017,Sungai,-7.801389,110.363889
DETAIL DESAIN PENGELOLAAN DAN PEMANFAATAN SUMBER DAYA AIR SUNGAI CODE,2009,Sungai,-7.799574952,110.3707623
DD SUNGAI CODE PENGELOLAAN DAN PEMANFAATAN SUMBER DAYA AIR DI SUNGAI CODE,2009,Sungai,-7.799574952,110.3707623
FINALISASI POLA WS SERBOG POS ,2010,Sungai,-7.888924842,110.3869861
PENYUSUNAN DLH LARAP SUNGAI BAWAH TANAH ,2016,Sungai,-7.856330806,110.4993436
PERENCANAAN 4 UNIT TELAGA DI KAB GUNKID ,2010,Telaga ,-8.026298108,110.5966213
PERENCANAAN 5 UNIT TELAGA DI KAB GUNKID,2011,Telaga ,-8.00367838,110.6205949
PERENCANAAN 5 UNIT TELAGA DI KAB GUNKID,2010,Telaga ,-8.010404601,110.6257028
INVENTARISASI WADUK DAS PROGO HULU ,2010,Waduk ,-7.340020459,110.2096774
INVENTARISASI DAN IDENTIFIKASI POTENSI WADUK DI DAS PROGO HULU ,2010,Waduk ,-7.381415557,110.216399
STUDI BATAS SEMPADAN DI SEMPOR,2024,Irigasi,-7.574601917,109.4893047
STUDI BATAS SEMPADAN DI KEDUNGPUTRI,2024,Irigasi,-7.706915358,110.0264549
STUDI BATAS SEMPADAN DI BANJARCAHYANA,2024,Irigasi,-7.38591937,109.600473
PENGENDALI BANJIR DAN DRAINASE PERKOTAAN SUNGAI BELIK,2025,Sungai,-7.776253903,110.3804331
GROUNDSILL DAN TALANG SERAYU,2025,Sungai dan Irigasi,-7.588812249,109.1429401
DED PENGENDALI BANJIR SUNGAI RAWAJEMBANGAN,2025,Pengendali Banjir,-7.898670413,110.2461419
"DED PENGENDALI BANJIR DAS IJO, TIPAR, TELOMOYO",2025,Pengendali Banjir,-7.6387,109.35297
DED REHABILITASI dan DLH DI KALIBAWANG,2025,Irigasi,-7.748041915,110.1949881
REHABILITASI EMBUNG TAMBAKBOYO,2024,Embung,-7.755110769,110.4141977
SPAM BANDARA JBS,2024,Sungai,-7.462565833,109.4145906
DD LANJUTAN LARAP DAN DLH DI BENER,2024,Irigasi,-7.610719477,110.0222235
OPTIMASI SALURAN IRIGASI DAN PERIKANAN DI JANTURAN,2024,Irigasi,-7.736523242,110.3191492
WORKSHOP ALAT BERAT DAN BAHAN BANJIRAN WS SB,2024,Sungai,-7.668191561,109.8109261
EMBUNG BALERANTE,2024,Embung,-7.612088731,110.466973
DPT SUNGAI KLAWING LANJUTAN,2024,DPT,-7.362781694,109.3795977
DPT SUNGAI SERAYU LANJUTAN,2024,DPT,-7.444741033,109.4882497
DPT SUNGAI SERANG WATES,2024,DPT,-7.889001074,110.1415613
DPT SUNGAI WINONGO MLATI,2024,DPT,-7.759631316,110.3570542
DPT SUNGAI OPAK SITIMULYO,2024,DPT,-7.851195263,110.4322661
DPT SUNGAI KALIBUNTUNG KRICAK,2024,DPT,-7.780989855,110.3579515
REVISI RPSDA WS SERAYU BOGOWONTO ,2024,Sungai,-7.729011976,109.7479793
REVIU DESAIN REHABILITASI GROUNDSILL SRANDAKAN,2024,Groundsill,-7.940870417,110.2414129
DED PEMBANGUNAN PENGENDALI BANJIR DAS OPAK DAN JETTY MUARA SUNGAI OPAK,2026,Pengendali Banjir,-8.010012662,110.2826138
DED PENGENDALI BANJIR LAHAR DINGIN GUNUNG MERAPI KAB. SLEMAN DAN KAB. MAGELANG,2026,Pengendali Banjir,-7.624370579,110.4433259
PENYUSUNAN DLH PRASARANA PENGENDALI BANJIR DAN DAYA RUSAK AIR DAS TIPAR DAN IJO,2026,DLH,-7.629815145,109.3313035
DED PENGENDALI BANJIR DAS SERAYU,2026,Pengendali Banjir,-7.424064942,109.5627031
REVISI RPSDA WS POS TAHAP II,2026,Sungai,-7.787847284,110.2858266
REVISI RPSDA WS POS TAHAP I,2025,Sungai,-7.930688359,110.3634176
